Bar Dip;1: Grip a dip station about shoulder-width apart, and climb or jump to get into the starting position.#2: Lower yourself with control until your shoulder is below your elbow, or as deep as you comfortably can.#3: Reverse the motion and return to the starting position.;Chest#Front Deltoid#Triceps
Bench Press;1: Lie on the bench, pull your shoulder blades together and down, and slightly arch your back.#2: Grip the bar slightly wider than shoulder-width apart.#3: Inhale, hold your breath, and unrack the bar.#4: Lower the bar with control, until it touches your chest somewhere close to your sternum.#5: Push the bar up to the starting position while exhaling.#6: Take another breath while in the top position, and repeat for reps.;Chest#Front Deltoid#Triceps
Cable Chest Press;1: Fasten a pair of handles in the top position of a cable cross. Grip the handles, step forward, and lean slightly forward.#2: Push the handles forward until they meet in front of your body.#3: With control, let the handles go back to the starting position.;Chest#Front Deltoid#Triceps
Close-Grip Bench Press;1: Lie on the bench, pull your shoulder blades together and down, and slightly arch your back.#2: Grip the bar narrower than in a regular bench press so that your hands are directly above your shoulders or even closer.#3: Take a breath and hold it, and unrack the bar.#4: Lower the bar with control until it touches your chest somewhere where the ribs end.#5: Push the bar up to the starting position while exhaling.#6: Take another breath in the top position, and repeat for reps.;Triceps#Chest#Front Deltoid
Close-Grip Feet-Up Bench Press;1: Lie on the bench, pull your shoulderblades together and down, and raise your chest up.#2: Grip the bar narrower than in a regular bench press, so that your hands are directly above your shoulders or even closer.#3: Lift your feet up and hold them in the air.#4: Take a breath and hold it, and unrack the bar.#5: Lower the bar with control, until it touches your chest somewhere where the ribs end.#6: Take another breath in the top position, and repeat for reps.;Triceps#Chest#Front Deltoid
Decline Bench Press;1: Set a bench so that it is in decline, either by adjusting the backrest or by elevating the foot.#2: Lie down on the bench, pull your shoulder blades together and down, with a proud chest.#3: Grip the bar slightly wider than shoulder-width apart.#4: Take a breath and hold it, and unrack the bar.#5: Lower the bar with control until it touches your chest.#6: Push the bar up while exhaling.#7: Take another breath in the top position, and repeat for reps.;Chest#Triceps#Front Deltoid 
Dumbbell Chest Fly;1: Lie on a bench, and lift a pair of dumbbells up to the starting position.#2: With almost completely straight arms, lower the dumbbells out to your sides.#3: When you’ve lowered the dumbbells as deep as possible, reverse the motion and return the dumbbells to the starting position.#4: Repeat for reps.;Chest#Front Deltoid
Dumbbell Chest Press;1: Lie on a bench, and lift a pair of dumbbells up to the starting position.#2: Press the dumbbells up to straight arms, while exhaling.#3: Inhale at the top, or while lowering the dumbbells with control back to your shoulders.#4: Repeat for reps.;Chest#Front Deltoid#Triceps
Dumbbell Decline Chest Press;1: Set a bench so that it is in decline, either by adjusting the backrest or by elevating the foot.#2: Lie on a bench, and lift a pair of dumbbells to the starting position.#3: Press the dumbbells up to straight arms, while exhaling.#4: Inhale at the top, or while lowering the dumbbells with control back to your shoulders.#5: Repeat for reps.;Chest#Front Deltoid#Triceps
Dumbbell Floor Press;1: Sit on the floor with your legs straight and a pair of dumbbells beside you.#2: Pick the dumbbells up and place them in your hip creak.#3: Lay down while you bring the dumbbells up to your chest.#4: Press them dumbbells to straight arms, bend your knees, and place your feet flat on the floor.#5: Lower the dumbbells slowly until your upper arms hit the floor.#6: Reverse the motion and push the dumbbells up to straight arms again.#7: Gently drop the dumbbells to the floor to finish the set.;Chest#Front Deltoid#Triceps
Dumbbell Pullover;1: Lie down on a bench and lift a dumbbell up to almost straight arms above you.#2: Lower the dumbbell down behind your head, while keeping your arms almost completely straight, just with a slight bend in the elbows.#3: Reverse the motion and return the dumbbell to the starting position.;Chest#Lats
Feet-Up Bench Press;1: Lie on the bench, pull your shoulder blades together and down, and slightly arch your back.#2: Grip the bar slightly wider than shoulder-width apart.#3: Lift your feet up and hold them in the air.#4: Take a breath and hold it, and unrack the bar.#5: Lower the bar with control, until it touches your chest somewhere close to the sternum.#6: Push the bar up while exhaling.#7: Take another breath in the top position, and repeat for reps.;Chest#Front Deltoid#Triceps
Floor Press;1: Lie down on the floor with your eyes under the racked bar.#2: Grip the bar slightly wider than shoulder-width apart.#3: Inhale, pull your shoulder blades down and together, and unrack the bar.#4: Lower the bar slowly until your upper arms hit the floor.#5: Reverse the motion and push the bar up to straight arms again.;Chest#Front Deltoid#Triceps
Incline Bench Press;1: Sitting on an inclined bench, unrack a barbell and hold it on straight arms above your shoulders.#2: Inhale and lower the bar down to your chest.#3: Press the bar up to straight arms while exhaling.;Chest#Front Deltoid#Triceps
Incline Dumbbell Press;1: Adjust the incline of a bench to be around 30-45 degrees.#2: Sit down and lift a pair of dumbbells to the starting position.#3: Press the dumbbells up to straight arms while exhaling.#4: Inhale at the top or while lowering the dumbbells with control back to your shoulders.;Chest#Front Deltoid#Triceps
Incline Push-Up;1: Assume the starting position, with hands slightly wider than shoulder width apart.#2: Try to form a straight line from head to feet, and brace your abdomen slightly.#3: Lower yourself as deep as you can, while inhaling.#4: Reverse the motion when you’ve touched the elevation, and push yourself up to straight arms again while exhaling.#5: Repeat for reps.;Chest#Front Deltoid#Triceps#Abs
Kneeling Incline Push-Up;1: Assume the starting position on your knees, with your hands on an elevation (such as a step-board), slightly wider than shoulder width apart.#2: Try to form a straight line from head to knee, and brace your abdomen slightly.#3: Lower yourself as deep as you can, while inhaling.#4: Reverse the motion when you’ve touched the board, and push yourself up to straight arms again while exhaling.#5: Repeat for reps.;Chest#Front Deltoid#Triceps#Abs
Kneeling Push-Up;1: Assume the starting position, with hands slightly wider than shoulder width apart.#2: Try to form a straight line from head to knees, and brace your abdomen slightly.#3: Lower yourself as deep as you can, while inhaling.#4: Reverse the motion when you’ve touched the floor, and push yourself up to straight arms again while exhaling.#5: Repeat for reps.;Chest#Front Deltoid#Triceps#Abs
Machine Chest Fly;1: Adjust the back support and handles so that you can grip the handles at shoulder height and get a long range of motion.#2: With just a slight bend in the arms, push the handles forward until they meet in front of your body.#3: With control, let the handles go back to the starting position.;Chest#Front Deltoid
Machine Chest Press;1: Adjust the machine to the appropriate settings, sit down, and grip the handles.#2: Press the handles forward until your arms are straight.#3: Bring the handles back to the starting position with control.;Chest#Front Deltoid#Triceps
Pec Deck;1: Adjust the the back support and handles, so that you can lean your elbows against the pads while your upper arms are horizontal.#2: Push the pads forward until they meet in front of your body.#3: With control, let the pads go back to the starting position.;Chest#Front Deltoid
Push-Up;1: Assume the starting position, with hands slightly wider than shoulder-width apart.#2: Try to form a straight line from head to feet, and brace your abdomen slightly.#3: Lower yourself as deep as you can, while inhaling.#4: Reverse the motion when you’ve touched the floor, and push yourself up to straight arms again while exhaling.#5: Repeat for reps.;Chest#Front Deltoid#Triceps#Abs
Push-Up Against Wall;1: Assume the starting position, with hands slightly wider than shoulder width apart.#2: Try to form a straight line from head to feet, and brace your abdomen slightly.#3: Lower yourself as deep as you can, while inhaling.#4: Reverse the motion when you’ve touched the wall, and push yourself up to straight arms again while exhaling.#5: Repeat for reps.;Chest#Front Deltoid#Triceps#Abs
Push-Ups With Feet in Rings;1: Assume the starting position, with hands slightly wider than shoulder-width apart.#2: Place your feet in the rings. Try to form a straight line from head to feet, and brace your core slightly.#3: Lower yourself as deep as you can, while inhaling.#4: Reverse the motion, and push yourself up to straight arms again while exhaling.#5: Repeat for reps;Chest#Front Deltoid#Triceps#Abs
Resistance Band Chest Fly;1: Attach the band to a door or something similarly stable around chest level.#2: In a standing position, grab the band with one hand and move away from the anchor point until you feel a stretch and resistance in your chest muscles.#3: Pull the band in front of your body at chest height with a slight bend at the elbow.#4: Contract your chest muscle before returning to the starting position with a controlled movement and repeat for reps.#5: Switch to the other side of your body and perform the above steps again.;
Smith Machine Bench Press;1: Lie on the bench, pull your shoulderblades together and down, and hold your chest up.#2: Grip the bar slightly wider than shoulder-width apart.#3: Take a breath and hold it, and unrack the bar.#4: Lower the bar with control, until it touches your chest.#5: Push the bar up while exhaling.#6: Take another breath in the top position, and repeat for reps.;Chest#Front Deltoid#Triceps
Smith Machine Incline Bench Press;1: Sit on an inclined bench, pull your shoulderblades together and down, and hold your chest up.#2: Grip the bar slightly wider than shoulder-width apart.#3: Take a breath and hold it, and unrack the bar.#4: Lower the bar with control, until it touches your upper chest.#5: Push the bar up while exhaling.#6: Take another breath in the top position, and repeat for reps.;Chest#Front Deltoid#Triceps
Standing Cable Chest Fly;1: Fasten a pair of handles in the top position of a cable cross. Grip the handles, step forward, and lean slightly forward.#2: With just a slight bend in the arms, push the handles forward until they meet in front of your body.#3: With control, let the handles go back to the starting position.;Chest#Front Deltoid
Standing Resistance Band Chest Fly;1: Attach the band to a door or something similarly stable around chest level.#2: In a standing position, grab the band with one hand and move away from the anchor point until you feel a stretch and resistance in your chest muscles.#3: Pull the band in front of your body at chest height with a slight bend at the elbow.#4: Contract your chest muscle before returning to the starting position with a controlled movement and repeat for reps.#5: Switch to the other side of your body and perform the above steps again.;Chest#Front Deltoid
Band External Shoulder Rotation;1: Fasten an elastic band at elbow height. Grab the band, step away and stand sideways to the band.#2: Grab the band with your arm that is on the opposite side from the band’s attachment point. Keep your upper arm close to your side, and bend your elbow to 90 degrees.#3: Rotate your upper arm externally (outwards) against the resistance of the band, as far as possible.#4: Reverse the movement, and repeat for reps. ;Rotator Cuff (posterior)
Band Internal Shoulder Rotation;1: Fasten an elastic band at elbow height. Grab the band, step away and stand sideways to the band.#2: Grab the band with your arm that is closest to the band’s attachment point. Keep your upper arm close to your side, and bend your elbow to 90 degrees.#3: Rotate your upper arm internally (inwards) against the resistance of the band, as far as possible.#4: Reverse the movement, and repeat for reps. ;Rotator Cuff (anterior)
Band Pull-Apart;1: Grab an elastic band, and hold it out before you on straight arms.#2: Pull the band apart by moving your arms to the sides as far as you can, or until your arms are pointing straight out.#3: Return with control to the starting position.;Rear Deltoid#Rotator Cuff
Barbell Front Raise;1: Hold a barbell in straight arms, in front of your body.#2: With control, lift the barbell forward with straight arms, until the bar is at shoulder height.#3: Reverse the movement and lower the bar with control.;Front Deltoid#Lateral Deltoid
Barbell Rear Delt Row;1: Grip the bar with a wide overhand grip, and lean forward with the bar hanging from straight arms.#2: Inhale and pull the bar high on your chest.#3: With control, lower the bar back to the starting position.;Rear Deltoid#Trapezius#Rotator Cuff#Biceps#Forearm Flexors
Barbell Upright Row;1: Grip the bar with an overhand grip, slightly narrower than shoulder-width apart.#2: Pull the bar straight up, until it is at the level of your chin.#3: With control, lower the bar back to the starting position.;Lateral Deltoid#Front Deltoid#Trapezius#Biceps
Behind the Neck Press;1: Grab a bar slightly wider than shoulder-width apart, and duck under it so that it is resting against the base of your neck.#2: Take a breath, lightly brace your core, and unrack the bar. Take a step back.#3: Press the bar up until your arms are straight, while exhaling.#4: Inhale at the top, or while lowering the bar with control back to the base of your neck.#5: Repeat for reps.;Front Deltoid#Lateral Deltoid#Trapezius#Triceps
Cable Lateral Raise;1: Grip a handle connected to the lower position on a cable pulley. Stand close to the pulley, with the arm holding the handle facing away from the machine.#2: With control, lift the handle outwards to your sides, until your upper arm is horizontal.#3: Lower the handle with control.#4: Repeat for reps.;Lateral Deltoid#Front Deltoid
Cable Rear Delt Row;1: Fasten a rope handle in a high position on a cable pulley. Grip the ropes with an overhand grip, and take a step or two back.#2: With elbows held high, pull the rope towards you by letting your upper arms move straight out towards your sides. Pull your scapulas together in the end position.#3: Return with control to the starting position, by letting your arms move forward again.;Rear Deltoid#Rotator Cuff#Trapezius#Biceps
Dumbbell Front Raise;1: Hold a pair of dumbbells in straight arms, in front of your hip.#2: With control, lift the dumbbells forward with straight arms, until the dumbbells are at shoulder height.#3: Reverse the movement and lower the dumbbells with control.;Front Deltoid#Lateral Deltoid
Dumbbell Horizontal Internal Shoulder Rotation;1: Lie down on your back, with your upper arm out to your side at 90 degrees, and your elbow bent to 90 degrees.#2: With a dumbbell, rotate your arm internally (upwards) against the direction of resistance until your forearm is vertical.#3: Reverse the movement, and repeat for reps.;Rotator Cuff (anterior)
Dumbbell Horizontal External Shoulder Rotation;1: Stand sideways to a barbell, set slightly below your shoulder height, so that your upper arm is horizontal when you are resting it on the bar.#2: Hold a dumbbell in your hand, and bend your elbow to 90 degrees.#3: Rotate your arm externally (upwards) against the direction of resistance, as far as possible.#4: Reverse the movement, and repeat for reps.;Rotator Cuff (posterior)
Dumbbell Lateral Raise;1: Hold a pair of dumbbells in almost straight arms hanging by your sides.#2: With control, lift the dumbbells out to your sides until your upper arms are horizontal.#3: Lower the dumbbells with control.#4: Repeat for reps.;
Dumbbell Rear Delt Row;1: Lean forward with a dumbbell in each hand.#2: Inhale and make a wide rowing motion, where you let your upper arms go out towards the sides.#3: With control, lower the dumbbells back to the starting position.;Rear Deltoid#Trapezius#Rotator Cuff#Biceps#Forearm Flexors
Dumbbell Shoulder Press;1: Grab a pair of dumbbells, and lift them up to the starting position at your shoulders.#2: Inhale and lightly brace your core.#3: Press the dumbbells up to straight arms, while exhaling.#4: Inhale at the top, or while lowering the dumbbells with control back to your shoulders.#5: Repeat for reps.;Front Deltoid#Triceps#Lateral Deltoid
Face Pull;1: Fasten a rope handle in a high position on a cable pulley. Grip the ropes with an overhand grip, and take a step or two back.#2: With elbows held high, pull the rope towards you by letting your upper arms move straight out towards your sides, while simultaneously rotating your forearms up.#3: Return with control to the starting position, by letting your arms move forward again.;Rear Deltoid#Rotator Cuff#Trapezius#Lateral Deltoid
Front Hold;1: Hold a plate in straight arms, in front of your body.#2: With control, lift the plate forward with straight arms, until the bar is at shoulder height.#3: Hold still.;Front Deltoid#Lateral Deltoid
Lying Dumbbell External Shoulder Rotation;1: Lie down on your side, with your upper arm close to your side, and your elbow bent to 90 degrees.#2: Grab a dumbbell and rotate your arm externally (upwards) against the direction of resistance, as far as possible.#3: Reverse the movement, and repeat for reps.;Rotator Cuff (posterior)
Lying Dumbbell Internal Shoulder Rotation;1: Lie down on your side, with your arm close to your side, and your elbow bent to 90 degrees.#2: With a dumbbell, rotate your arm internally (upwards) against the direction of resistance, as far as possible.#3: Reverse the movement, and repeat for reps.;Rotator Cuff (anterior)
Machine Lateral Raise;1: Adjust the machine so that the pads are leaning against your elbows.#2: Lift your arms out to your sides, until your upper arms are horizontal.#3: Lower the arms again.;Lateral Deltoid#Front Deltoid
Machine Shoulder Press;1: Adjust the machine to the appropriate settings, sit down, and grip the handles.#2: Press the handles upwards until your arms are straight.#3: Lower the handles with control.;Front Deltoid#Triceps#Lateral Deltoid
Monkey Row;1: With your arms by your sides, hold a dumbbell in each hand.#2: Pull the dumbbells straight up as far as you can.#3: With control, lower the dumbbells back to the starting position.;Lateral Deltoid#Front Deltoid#Trapezius#Biceps
Overhead Press;1: First, place a barbell in a rack at about chest height.#2: Grip the bar slightly wider than shoulder-width apart, and step close to it.#3: Inhale, lightly brace your core, and unrack the bar.#4: Let the bar rest against your front delts while you step back from the rack.#5: Press the bar up to straight arms while exhaling.#6: Inhale at the top or while lowering the bar with control back to your shoulders.#7: Repeat for reps.;Front Deltoid#Triceps#Lateral Deltoid
Plate Front Raise;1: Hold a plate in straight arms, in front of your body.#2: With control, lift the plate forward with straight arms, until the bar is at shoulder height.#3: Reverse the movement and lower the plate with control.;Front Deltoid#Lateral Deltoid
Power Jerk;1: Get into the starting position by cleaning the bar or lifting it out from a rack. Grip the bar slightly wider than shoulder-width apart, and let it rest on the front of your shoulders.#2: Hold your breath and brace your core slightly.#3: Slightly bend your knees, and then forcefully extend them to push the bar up.#4: Duck under the bar and catch it on straight arms, by slightly bending your knees.#5: Stand up on straight legs again.#6: Lower the bar in front of you, with control, or lower it back unto the front of your shoulders.;Front Deltoid#Quads#Glutes#Adductors#Lower Back#Trapezius#Triceps#Lateral Deltoid
Push Press;1: Clean a bar to your shoulders, or lift it out from a rack.#2: Let the bar rest against the front of your shoulders, with your grip slightly outside your shoulders.#3: Inhale and lightly brace your core.#4: Bend your knees, and then forcefully push yourself and the bar upwards using your legs.#5: When your legs are extended, immediately start pressing the bar with your arms, until your arms are fully extended.#6: With control, lower the bar back to your shoulders.;Front Deltoid#Quads#Glutes#Adductors#Lower Back#Trapezius#Triceps#Lateral Deltoid
Reverse Dumbbell Flyes;1: Hold a pair of dumbbells, lean forward and let your arms hang towards the floor.#2: With almost straight arms (just a slight bend at the elbow), slowly lift the dumbbells by raising your arms out to the sides.#3: Reverse the movement and lower the dumbbells back to the starting position.;Rear Deltoid#Rotator Cuff#Trapezius
Reverse Machine Fly;1: Adjust the the chest support and handles, so that you can grip the handles in shoulder height, and get a long range of motion.#2: With just a slight bend in the arms, pull the handles backward by bringing your arms out to the sides.#3: Reverse the movement and let the handles go back to the starting position.;Rear Deltoid#Rotator Cuff#Trapezius
Seated Dumbbell Shoulder Press;1: Sit down on a bench with a raised backrest.#2: Grab a pair of dumbbells and lift them up to the starting position at your shoulders.#3: Inhale and lightly brace your core.#4: Press the dumbbells up to straight arms, while exhaling.#5: Inhale at the top, or while lowering the dumbbells with control back to your shoulders.#6: Repeat for reps.;Front Deltoid#Triceps#Lateral Deltoid
Seated Barbell Overhead Press;1: Sit down on a bench with a raised backrest. The bench should be placed close to a rack, where a barbell rests at about shoulder height.#2: Grip the bar with an overhand grip.#3: Inhale, lightly brace your core, and unrack the bar. Lean back on the backrest.#4: Press the bar up to straight arms, while exhaling.#5: Inhale at the top, or while lowering the bar with control back to your shoulders.#6: Repeat for reps.;Front Deltoid#Triceps#Lateral Deltoid
Seated Smith Machine Shoulder Press;1: Sit on a bench, unrack a barbell and lower it to the starting position at the top of your chest.#2: Press the bar up to straight arms, while exhaling.#3: Inhale at the top, or while lowering the bar with control back to your chest.#4: Repeat for reps.;Front Deltoid#Triceps#Lateral Deltoid
Snatch Grip Behind the Neck Press;1: Grab a bar with a snatch grip width, and duck under it so that it is resting against the base of your neck.#2: Take a breath, lightly brace your core, and unrack the bar. Take a step back.#3: Press the bar up until your arms are straight, while exhaling.#4: Inhale at the top, or while lowering the bar with control back to the base of your neck.#5: Repeat for reps.;Front Deltoid#Lateral Deltoid#Trapezius#Triceps
Squat Jerk;1: Get into the starting position by cleaning the bar or lifting it out from a rack. Grip the bar slightly wider than shoulder-width apart, and let it rest on the front of your shoulders.#2: Hold your breath, and brace your core slightly.#3: Slightly bend your knees, and then forcefully extend them to push the bar up.#4: Duck under the bar and catch it on straight arms, by bending your knees like in a squat.#5: Stand up on straight legs again.#6: Lower the bar in front of you, with control, or lower it back unto the front of your shoulders.;Glutes#Lower Back#Adductors#Quads#Front Deltoid#Trapezius#Triceps#Lateral Deltoid#Calves
Split Jerk;1: Get into the starting position by cleaning the bar or lifting it out from a rack. Grip the bar slightly wider than shoulder-width apart, and let it rest on the front of your shoulders.#2: Hold your breath and brace your core slightly.#3: Slightly bend your knees, and then forcefully extend them to push the bar up.#4: Duck under the bar and catch it on straight arms, with your legs in a lunge position.#5: First take a step back with your front foot and then step forward with your back foot, until you’re standing with your feet side by side again, while controlling the bar on straight arms above your head.#6: Lower the bar in front of you, with control.;Front Deltoid#Quads#Glutes#Adductors#Lower Back#Trapezius#Triceps#Lateral Deltoid
Barbell Curl;1: Grip a bar with an underhand (supinated) grip, hands about shoulder-width apart.#2: Lift the bar with control, by flexing your elbows.#3: Don’t let your upper arm travel back during the curl, keep it at your side or move it slightly forward.#4: Reverse the movement and lower the bar back to the starting position.;Biceps#Forearm Flexors
Barbell Preacher Curl;1: Grab a barbell and sit down at a preacher curl bench, resting your upper arms against the pad.#2: Lower the barbell as far as you can, with control.#3: Reverse the motion and return to the starting position.;Biceps#Forearm Flexors
Bodyweight Curl;1: Grab the handles of your TRX (or your rings), and stand with your body facing the anchor point. #2: Keep your feet close towards the anchor point, leaning back with the cables tensioned. Keep your core activated the entire time.#3: In the starting position, keep your arms straight and the palms facing toward your face. At this point, the elbows should be higher up than the shoulders.#4: Slowly bend your arms with control and curl yourself towards the handles.#5: Reverse the movement and repeat for reps.;Biceps#Lats#Forearm Flexors
Cable Curl With Bar;1: Fasten a bar in the lower position of a cable cross. Grip the bar with an underhand (supinated) grip, hands about shoulder-width apart, and take a step back.#2: Lift the bar with control, by flexing your elbows.#3: Don’t let your upper arm travel back during the curl, keep it still or move it slightly forward.#4: Reverse the movement and lower the bar back to the starting position.;Biceps#Forearm Flexors
Cable Curl With Rope;1: Fasten a rope in the lower position of a cable cross. Grip the rope with a neutral grip and take a step back.#2: Lift the rope with control, by flexing your elbows.#3: Don’t let your upper arm travel back during the curl, keep it still or move it slightly forward.#4: Reverse the movement and lower the rope back to the starting position.;Biceps#Forearm Flexors
Concentration Curl;1: Sit on a bench with a dumbbell in hand. Lean your elbow onto the inside of your leg.#2: Lift the dumbbell with control by flexing your elbow.#3: Reverse the movement and lower the dumbbell back to the starting position.;Biceps#Forearm Flexors
Dumbbell Curl;1: Hold a pair of dumbbells in an underhand (supinated) grip, arms hanging by your sides.#2: Lift the dumbbells with control, by flexing your elbows.#3: Don’t let your upper arms travel back during the curl. Keep them at your sides or move them slightly forward.#4: Reverse the movement and lower the dumbbells back to the starting position.;Biceps#Forearm Flexors
Dumbbell Preacher Curl;1: Use a preacher curl bench, or position the back rest of a regular training bench so that it leans back slightly.#2: Grab a dumbbell, stand behind the bench, and rest your upper arm against the back rest.#3: Lower the dumbbell as far as you can, and then reverse the motion, returning to the starting position.;Biceps#Forearm Flexors
Hammer Curl;1: Hold a pair of dumbbells in a neutral grip (palms facing each other), arms hanging by your sides.#2: Lift the dumbbells with control, by flexing your elbows.#3: Don’t let your upper arms travel back during the curl. Keep them at your sides or move them slightly forward.#4: Reverse the movement and lower the dumbbells back to the starting position.;Biceps#Forearm Flexors
Incline Dumbbell Curl;1: Grab a pair of dumbbells, and sit down on an inclined bench. Let your arms hang straight down by your sides.#2: Lift the dumbbells with control, by flexing your elbows.#3: Reverse the movement and lower the dumbbells back to the starting position.;Biceps#Forearm Flexors
Machine Bicep Curl;1: Adjust the machine so that you are correctly positioned. Your upper arms should rest on the padding, and your elbows should be in line with the machine’s joint. #2: Grab the handles with an underhand grip around shoulder width apart.#3: Curl the weight up as far as possible. Make sure to do the entire movement at a controlled speed.#4: Revert the movement, and stop just before the weights hit the stacks.#5: Repeat for reps.;Biceps#Forearm Flexors
Spider Curl;1: Lie down on your chest and stomach on a 45-degree bench, holding a pair of dumbbells in an underhand (supinated) grip.#2: With your upper arms vertical, lift the dumbbells with control, by flexing your elbows.#3: Don’t let your upper arms travel back or forwards during the curl. Keep the movement to your forearms only.#4: Reverse the movement and lower the dumbbells back to the starting position.;
Barbell Standing Triceps Extension;1: Grip a barbell with a close grip, and lift it up to straight arms over your head.#2: Lower the barbell down behind your head, while keeping your upper arms still and vertical.#3: Reverse the motion and extend your arms again.;Triceps
Barbell Lying Triceps Extension;1: Lie down on a bench with your head close to the edge. Hold a barbell with a shoulder-wide grip, and lift it up to straight arms over yourself.#2: Lower the barbell down behind your head. Try to keep the same distance between your elbows throughout the movement.#3: Reverse the motion and extend your arms again.;Triceps
Bench Dip;1: Turn your back towards a sturdy training bench, and put your hands on the pad about shoulder-width apart. Extend your legs in front of you.#2: Lower yourself with control for as far as comfortable by bending your arms.#3: Reverse the motion and return to the starting position.;Triceps#Chest#Front Deltoid
Close-Grip Push-Up;1: Assume the starting position, with hands shoulder-width apart.#2: Try to form a straight line from head to feet and brace your abdomen slightly.#3: Lower yourself as deep as you can, while inhaling.#4: Reverse the motion when you’ve touched the floor and push yourself up to straight arms again while exhaling.#5: Repeat for reps.;Triceps#Abs#Chest#Front Deltoid
Dumbbell Lying Triceps Extension;1: Lie down on a bench which your head close to the edge. Hold a pair of dumbbells with your arms pointing straight up.#2: Lower the dumbbell down behind your head. Try to keep the same distance between your elbows throughout the movement.#3: Reverse the motion and extend your arms again.;
Dumbbell Standing Triceps Extension;1: Lift a dumbbell up to a straight arm over your head.#2: Lower the dumbbell down behind your head, while keeping your upper arm still and vertical.#3: Reverse the motion and extend your arm again.;Triceps
Overhead Cable Triceps Extension;1: Fasten a rope handle in the lower position of a cable pulley. Stand with your back against the pulley, with a slight forward lean, and hold the rope behind your head and your upper arms next to your ears.#2: Straighten your elbows until your arms are fully extended.#3: Reverse the motion by bending your arms again.;Triceps
Tricep Bodyweight Extension;1: Grab the bar using an overhead grip, with your hands about shoulder-width apart.#2: At the starting position, your arms should be fully extended, and your core and glutes activated as in a standing plank position.#3: Bend the arms, bring your torso forward, and lower your head below the bar. Do the movement slow and controlled.#4: Reverse the movement by straightening your arms.#5: Repeat for reps.;Triceps
Tricep Pushdown With Bar;1: Stand one step away from the cable pulley, and grip a bar about shoulder-width apart.#2: Pull the handle down until your upper arms are perpendicular to the floor. This is the starting position.#3: Push the handle down until your arms are fully extended.#4: With control, let the handle up again.;Triceps
Tricep Pushdown With Rope;1: Fasten a rope handle in the upper position of a cable pulley. Grip the rope with an overhand grip, and take one step back from the pulley.#2: Pull the rope down until your upper arms are perpendicular to the floor. This is the starting position.#3: Push the rope down until your arms are fully extended.#4: With control, let the rope up again.;Triceps
Air Squat;1: Stand with your feet about shoulder width apart.#2: Squat as deep as possible.#3: Reverse the movement, and return to a standing position.;Quads#Glutes#Adductors#Calves
Barbell Hack Squat;1: Stand in front of a bar. Squat down and grip the bar with your arms outside your legs.#2: Inhale, brace your core slightly, and lift the bar.#3: Pull the bar close to your body, with a straight back, until you are standing straight.#4: Lower the bar back to the ground with control.#5: Take another breath, and repeat for reps.;Quads#Glutes#Adductors#Lower Back#Trapezius#Forearm Flexors#Calves
Barbell Lunge;1: Take a big step forward and sink as deep as possible in a lunge position, without hitting the knee of the back leg in the floor.#2: Return to the starting position by pushing yourself back with the front leg.;Quads#Glutes#Adductors
Barbell Walking Lunge;1: Stand with your feet at shoulder-width apart, with a slight bend in the knees. Make sure that your core is engaged.#2: Step forward with one of your legs, bending both knees at the same time. Stop the movement just before the back knee touches the floor, you should have about a 90-degree angle in both knees.#3: Drive through your front foot and extend the knee until you get back to a standing position.#4: Continue by repeating the movement on the other side. #5: Repeat for reps.;Quads#Glutes#Adductors
Belt Squat;1: Place the belt around your waist properly, and attach it to the machine. #2: Make sure that you’re standing accordingly to your normal squat stance. Inhale and brace your core slightly, and unrack the weight.#3: Squat as deep as possible with good technique.#4: With control, stop and reverse the movement, extending your hips and legs again.#5: Exhale on the way up or exchange air in the top position.#6: Inhale and repeat for reps.;Quads#Glutes#Adductors#Calves
Body Weight Lunge;1: Take a big step forward and sink as deep as possible in a lunge position, without hitting the knee of the back leg in the floor.#2: Return to the starting position by pushing yourself back with the front leg.;Quads#Glutes#Adductors
Box Squat;1: Place the bar on your upper back, inhale and brace your core slightly, and unrack the bar.#2: Take two steps back, and adjust your foot position.#3: Squat down to a box, set at your desired heigth.#4: Stand up again. Exhale on the way up, or exchange air in the top position.#5: Inhale and repeat for reps.;Quads#Glutes#Adductors#Lower Back#Calves
Bulgarian Split Squat;1: Stand with your back turned against a bench, which should be at about knee height. Stand about one long step in front of the bench.#2: Place one foot on the bench behind you.#3: Inhale, look forward, and squat down with control until right before the knee of the back leg touches the floor.#4: Reverse the movement and extend your front leg again, while exhaling.#5: Inhale at the top and repeat for reps.;Quads#Glutes#Adductors
Chair Squat;1: Stand with your feet about shoulder width apart, or where you feel comfortable.#2: Squat until you touch the chair. #3: Reverse the movement, and return to a standing position.;Quads#Glutes#Adductors#Calves
Dumbbell Lunge;1: Hold a dumbbell in each hand and stand with your feet about shoulder width apart.#2: Take a big step forward and sink as deep as possible in a lunge position, without hitting the knee of the back leg in the floor.#3: Return to the starting position by pushing yourself back with the front leg.;Quads#Glutes#Adductors#Forearm Flexors
Dumbbell Squat;1: Hold a dumbbell in each hand, and stand with your feet about shoulder width apart.#2: Inhale, lightly brace your core, and squat down as deep as possible.#3: Reverse the movement, and return to a standing position. Exhale on the way up.;Quads#Glutes#Adductors#Lower Back#Calves
Front Squat;1: Grip the bar slightly wider than shoulder-width. Step forward and place the bar on the front of your shoulders: on top of your clavicles, and tight against your throat.#2: Inhale and brace your core slightly, and unrack the bar.#3: Take two steps back, and adjust your foot position.#4: Squat as deep as possible with good technique.#5: With control, stop and reverse the movement, extending your hips and legs again.#6: Exhale on the way up or exchange air in the top position.#7: Breathe in and repeat for reps.;Quads#Glutes#Adductors#Lower Back#Calves
Goblet Squat;1: Grab a kettlebell in the sides of the handle, and hold the kettlebell against your chest.#2: Stand with your feet about shoulder-width apart, and your toes pointing slightly outward.#3: Inhale, lightly brace your core, and squat down as deep as possible.#4: Reverse the movement and return to the starting position. Exhale on the way up.;Quads#Glutes#Adductors#Lower Back#Calves
Hack Squat Machine;1: Adjust the machine to the correct height and place your shoulders against the shoulder pads.#2: Put your feet on the plate, slightly in front of the base of the sled and about shoulder width apart.#3: Extend your legs and disengage the sled’s locks.#4: Inhale, brace your core lightly, and squat down as deep as you can with good form.#5: Reverse the movement with control, and extend your legs again until you’re back in the starting position. Exhale on the way up.;Quads#Glutes#Adductors
Half Air Squat;1: Stand with your feet about shoulder width apart, or where you feel comfortable.#2: Squat as deep as possible, or as deep as you want. #3: Reverse the movement, and return to a standing position.;Quads#Glutes#Adductors#Calves
Hip Adduction Machine;1: Adjust the machine to the appropriate settings, sit down with your legs outside the pads, and grip the handles.#2: Push the pads toward eachother by bringin your legs together.#3: Return with control to the starting position.;Adductors
Landmine Hack Squat;1: Place one end of a barbell into a corner. Facing away from the bar, place the other end on one of your shoulders.#2: Inhale and brace your core lightly. Squat down as deep as possible with good technique.#3: With control, stop and reverse the movement, extending your hips and legs again until you are standing up.;Quads#Glutes#Adductors
Landmine Squat;1: Place one end of a barbell into a corner. Grip the other end with both of your hands and rest your hands against the top of your chest.#2: Inhale and brace your core lightly. Squat down as deep as possible with good technique.#3: With control, stop and reverse the movement, extending your hips and legs again until you are standing up.;Quads#Glutes#Adductors##Lower Back#Calves
Leg Extension;1: Adjust the machine so that you are correctly positioned. Your knees should be in line with the machine’s joint.#2: Extend your knees with control, until they are completely straight.#3: Slowly lower the weight again.;Quads
Leg Press;1: Adjust the machine so that you only need to extend your legs slightly to be able to release the weights. Adjust the safety pins so that they catch the weight if you are unable to lift it.#2: Place your feet on the platform, about shoulder-width apart.#3: Inhale and lower the weight by bending your legs.#4: Lower the weight as deep as possible without rounding your back and while keeping your glutes on the seat.#5: Press the weight back up again as you exhale.;Quads#Glutes#Adductors#Hamstrings
Lying Leg Curl;1: Adjust the machine so that you are correctly positioned. Your knees should be in line with the machines joint.#2: Lift the weight by bending your knees as far as possible.#3: Slowly lower the weight again.;Hamstrings
Pause Squat;1: Place the bar on your upper back, inhale and brace your core slightly, and unrack the bar.#2: Take two steps back, and adjust your foot position.#3: Squat as deep as possible with good technique.#4: Stop in the bottom position, and make a distinct pause.#5: Stand up again. Exhale on the way up, or exchange air in the top position.#6: Inhale and repeat for reps.;Quads#Glutes#Adductors#Lower Back#Calves
Romanian Deadlift;1: Get into the starting position by deadlifting a barbell off the floor, or by unracking it from a barbell rack.#2: Inhale, brace your core slightly, and lean forward by hinging in your hips. Keep your knees almost completely extended.#3: Lean forward as far as possible without rounding your back. You don’t have to touch the barbell to the floor, although it is OK if you do.#4: Reverse the movement and return to the starting position. Exhale on the way up.#5: Take another breath, and repeat for reps.;Glutes#Lower Back#Hamstrings#Adductors#Trapezius#Forearm Flexors
Safety Bar Squat;1: Grip the handles of a safety squat bar, and place the bar on your upper back.#2: Inhale, brace your core slightly, and unrack the bar.#3: Take two steps back, and adjust your foot position.#4: Squat as deep as possible with good technique.#5: With control, stop and reverse the movement, extending your hips and legs again.#6: Exhale on the way up, or exchange air in the top position.#7: Inhale and repeat for reps.;Quads#Glutes#Adductors#Lower Back#Calves
Seated Leg Curl;1: Adjust the machine so that you are correctly positioned. Your knees should be in line with the machines joint.#2: Push the weight down by bending your knees as far as possible.#3: Slowly let the weight back again.;Hamstrings
Shallow Body Weight Lunge;1: Take a big step forward, and lower your body in a lunge position. #2: Go as deep as your mobility allows, or where you want to reverse the movement. #3: Lift your body by pressing the front leg away from the ground. #4: Repeat for reps. ;Quads#Glutes#Adductors#Hamstrings
Side Lunges (Bodyweight);1: Stand up straight with plenty of space to your side for you to step out. #2: Lightly brace your core, and take a big step to the side. #3: Go as deep as possible without your heel lifting from the ground and while maintaining control. #4: Push yourself back up by pressing the foot from the ground. #5: Repeat for reps. ;
Smith Machine Squat;1: Step in with your feet directly below the bar, about shoulder width between your feet, and place the bar on your upper back.#2: Inhale and brace your core slightly, and unrack the bar.#3: Squat as deep as possible with good technique.#4: With control, stop and reverse the movement, extending your hips and legs again.#5: Exhale on the way up, or exchange air in the top position.;Quads#Glutes#Adductors#Lower Back#Calves
Squat;1: Place the bar on your upper back. Inhale and brace your core slightly, and unrack the bar.#2: Take two steps back, and adjust your foot position.#3: Squat as deep as possible with good technique.#4: With control, stop and reverse the movement, extending your hips and legs again.#5: Exhale on the way up or exchange air in the top position.#6: Inhale and repeat for reps.;#Quads##Adductors##Glutes##Lower Back##Calves
Step Up;1: Stand in front of a chair, bench or something else that you can step up on.#2: Place your foot on the chair. #3: Lightly brace your core, and step up until your leg is straight.#4: Lower yourself in a controlled motion. #5: You can keep your foot at the chair, and repeat for reps. ;
Back Extension;1: First, adjust the machine: The top pad should be positioned against the top of your thighs.#2: Step onto the machine and position yourself with your feet shoulder-width apart and your upper thighs against the top pad.#3: Your upper body should be hanging off the edge of the machine, with your arms crossed over your chest or your hands behind your head.#4: Hold a weight plate against your chest or a barbell across your shoulders if you want to use additional weight.#5: Prepare to lift: Take a deep breath in, and as you exhale, engage your lower back muscles to lift your upper body until your body forms a straight line.#6: Hold this position for a second, then inhale as you slowly lower your upper body back down to the starting position. Make sure to keep your movements slow and controlled, and don’t use momentum to swing your body up or down.;Glutes#Lower Back#Hamstrings
Barbell Row;1: Grip the bar with an overhand grip.#2: Lean forward with the bar hanging from straight arms.#3: Inhale and pull the bar towards you.#4: Pull the bar as high as you can so that it touches your abs or chest, if possible.#5: With control, lower the bar back to the starting position.;Lats#Trapezius#Rear Deltoids#Biceps#Lower Back#Forearm Flexors#Rotator Cuff
Barbell Shrug;1: Hold a barbell in straight arms in front of your body.#2: Lift your shoulders straight up as high as possible.#3: Lower your shoulders again.;Trapezius#Forearm Flexors
Block Snatch;1: Place a barbell on two blocks, so that it is resting just above knee height.#2: Lean forward and grip the bar with a wide overhand grip.#3: Inhale, and brace your core slightly.#4: Lift the bar in a smooth but fast motion, by extending your legs and knees simultaneously.#5: Once the bar has reached maximum speed, squat down deep and catch the bar on straight arms over your head.#6: When you’ve got control of the bar, stand up straight.#7: Lower the bar down to the blocks again, with control.;Glutes#Lower Back#Adductors#Quads#Hamstrings#Trapezius#Calves#Forearm Flexors
Cable Close Grip Seated Row;1: Attach a narrow handle to the cable row, and assume the starting position.#2: Maintain an upright posture with your chest out, shoulders back, and core engaged. Lean forward slightly and let your scapulae move freely by letting them slide forward to the starting position.#3: Inhale, retract your shoulder blades and pull the handle towards your lower abdomen while leaning back slightly.#4: Exhale and slowly return to the starting position by extending your arms and leaning forward.;Lats#Trapezius#Rear Deltoids#Biceps#Forearm Flexors#Rotator Cuffs
Cable Wide Grip Seated Row;1: Grip a bar slightly wider than shoulder width and assume the starting position.#2: Inhale and pull the handle towards your abdomen, while leaning back slightly.#3: Exhale and slowly return to the starting position by extending your arms and leaning forward.;Lats#Trapezius#Rear Deltoids#Biceps#Forearm Flexors#Rotator Cuffs
Chin-Up;1: Grip the bar with a supinated grip (palms facing you), about shoulder-width apart. #2: Keep your chest up, and look up at the bar.#3: Inhale and pull yourself up until your chin is over the bar, or the bar touches your upper chest.#4: Exhale and lower yourself with control until your arms are fully extended.;Lats#Biceps#Rear Deltoids#Forearm Flexors#Rotator Cuffs
Clean;1: Step up close to the bar, so that it is about over the middle of your foot.#2: Lean forward and grip the bar with an overhand grip, about shoulder-width apart.#3: Hold your breath, and brace your core slightly.#4: Lift the bar in a smooth but fast motion. Then squat down again to receive the bar on the front of your shoulders.#5: Stand up on straight legs again.#6: Lower the bar in front of you, with control.;Glutes#Lower Back#Adductors#Quads#Hamstrings#Trapezius#Forearm Flexors#Calves
Clean and Jerk;1: Step up close to the bar, so that it is about over the middle of your foot.#2: Lean forward and grip the bar with an overhand grip, about shoulder-width apart.#3: Hold your breath, and brace your core slightly.#4: Lift the bar in a smooth but fast motion. Then squat down again to receive the bar on the front of your shoulders. Stand up on straight legs again.#5: Slightly bend your knees, and then forcefully extend them to push the bar up.#6: Duck under the bar and catch it on straight arms, with your legs in a lunge position.#7: First, take a step back with your front foot and then step forward with your back foot, until you’re standing with your feet side by side again, while controlling the bar on straight arms above your head.#8: Lower the bar in front of you, with control.;Glutes#Lower Back#Adductors#Quads#Front Deltoid#Hamstrings#Trapezius#Forearm Flexors#Triceps#Lateral Deltoid#Calves
Deadlift;1: Step up close to the bar so that it is about over the middle of your foot.#2: Inhale, lean forward, and grip the bar.#3: Hold your breath, brace your core slightly, and lift the bar.#4: Pull the bar close to your body, with a straight back, until you are standing straight.#5: Lower the bar back to the ground with control.#6: Take another breath, and repeat for reps.;Glutes#Lower Back#Quads#Hamstrings#Adductors#Trapezius#Forearm Flexors
Deficit Deadlift;1: Stand on an elevation of optional height (i.e. a weight plate), and stand close to the bar, so that it is about over the middle of your foot.#2: Inhale, lean forward, and grip the bar.#3: Hold your breath, brace your core slightly, and lift the bar.#4: Pull the bar close to your body, with a straight back, until you are standing straight.#5: Lower the bar back to the ground with control.#6: Take another breath, and repeat for reps.;Glutes#Lower Back#Quads#Hamstrings#Adductors#Trapezius#Forearm Flexors
Dumbbell Deadlift;1: Hold a dumbbell in each hand, and stand with your feet about hip-width apart.#2: Inhale and lightly brace your core.#3: Lower the dumbbells close to the floor, by leaning forward and bending your knees.#4: Reverse the movement, and return to a standing position. Exhale on the way up.;Glutes#Lower Back#Quads#Hamstrings#Adductors#Trapezius#Forearm Flexors
Dumbbell Row;1: Start by placing a dumbbell on the floor beside a bench or chair. Stand facing the bench or chair and place your left hand and left knee on top of it.#2: Keep your back flat and parallel to the ground, with a slight bend in the standing leg. Grip the dumbbell with your right hand.#3: Inhale and pull the dumbbell by driving the elbow toward the ceiling.#4: With control, lower the dumbbell back to the starting position while exhaling.#5: Complete desired reps on one side, then switch to the opposite arm and leg.;Lats#Trapezius#Rear Deltoids#Biceps#Forearm Flexors#Rotator Cuff
Dumbbell Shrug;1: Hold a pair of dumbbells at your sides.#2: Lift your shoulders straight up as high as possible.#3: Lower your shoulders again.;Trapezius#Forearm Flexors
Floor Back Extension;1: Lie on the ground with your arms at about a 90-degree angle to your sides. #2: Fix your eyes on the ground to keep the neck in a natural position. #3: Lift your upper body by using your lower back. You may pause at the top of the movement, feeling the lower back muscles working.  #4: Lower your upper body in a slow and controlled motion. #5: Repeat for reps.;Lower Back
Good Morning;1: Place the bar on your upper back. Inhale and brace your core slightly, and unrack the bar.#2: Take two steps back, and place your feet slightly wider than hip-width.#3: Inhale and hold your breath, and lean forward by hinging your hips. Imagine that you are trying to push your butt back as far as possible.#4: Lean forward as far as you can with a straight back, and without the bar rolling forward.#5: Your knees will bend slightly, but most of the movement takes place in the hips.#6: With control, stop and reverse the movement, extending your hips again while exhaling.#7: At the top, inhale and repeat for reps.;Glutes#Lower Back#Hamstrings#Adductors
Hang Clean;1: Grip the bar with an overhand grip, about shoulder-width apart, and lift it up to get into the starting position.#2: Hold your breath, and brace your core slightly.#3: Lower the bar along your thighs, down to about knee-level, by bending your hips and knees.#4: Reverse the movement, and lift the bar in a smooth but fast motion by extending your legs and knees simultaneously. Then squat down again to receive the bar on the front of your shoulders.#5: Stand up on straight legs again.#6: Lower the bar in front of you, with control.;Glutes#Lower Back#Adductors#Quads#Hamstrings#Trapezius#Forearm Flexors#Calves
Hang Power Clean;1: Grip the bar with an overhand grip, about shoulder-width apart, and lift it up to get into the starting position.#2: Hold your breath, and brace your core slightly.#3: Lower the bar along your thighs, down to about knee-level, by bending your hips and knees.#4: Reverse the movement, and lift the bar in a smooth but fast motion by extending your legs and knees simultaneously.#5: Bend your knees slightly and receive the bar on the front of your shoulders.#6: Stand up on straight legs again.#7: Lower the bar in front of you, with control.;Glutes#Lower Back#Adductors#Hamstrings#Trapezius#Forearm Flexors
Hang Power Snatch;1: Grip the bar with a wide overhand grip, and lift it up to get into the starting position, with the bar resting in the hip crease.#2: Hold your breath, and brace your core slightly.#3: Lower the bar along your thighs, down to about knee-level, by bending your hips and knees.#4: Reverse the movement, and lift the bar in a smooth but fast motion, by extending your legs and knees simultaneously.#5: Once the bar has reached maximum speed, bend your knees slightly and catch the bar on straight arms over your head.#6: When you’ve got control of the bar, stand up straight.#7: Lower the bar in front of you, with control.;Glutes#Lower Back#Adductors#Hamstrings#Trapezius#Forearm Flexors
Hang Snatch;1: Grip the bar with a wide overhand grip and lift it up to get into the starting position, with the bar resting in the hip crease.#2: Hold your breath and brace your core slightly.#3: Lower the bar along your thighs, down to about knee-level, by bending your hips and knees.#4: Reverse the movement and lift the bar in a smooth but fast motion, by extending your legs and knees simultaneously.#5: Once the bar has reached maximum speed, squat down deep and catch the bar on straight arms over your head.#6: When you’ve got control of the bar, stand up straight.#7: Lower the bar in front of you, with control.;Glutes#Lower Back#Adductors#Quads#Hamstrings#Trapezius#Forearm Flexors#Calves
Inverted Row;1: Place a barbell in a rack, high enough for you to be able to hang below it in straight arms, with your heels on the floor.#2: Grip the bar with an overhand grip, slightly wider than shoulder-width apart. #3: Inhale, and pull yourself up as high as you can, or until your chest touches the bar.#4: Exhale, while lowering yourself back to the starting position with control.;Lats#Trapezius#Rear Deltoids#Biceps#Forearm Flexors#Rotator Cuff
Inverted Row with Underhand Grip;1: Place a barbell in a rack, high enough for you to be able to hang below it in straight arms, with your heels on the floor.#2: Grip the bar with an underhand grip, about shoulder-width apart. #3: Inhale, and pull yourself up as high as you can, or until your chest touches the bar.#4: Exhale, while lowering yourself back to the starting position with control.;Lats#Trapezius#Rear Deltoids#Biceps#Forearm Flexors#Rotator Cuff
Kettlebell Swing;1: Place a kettlebell on the ground, about one or two feet in front of you.#2: Take a wide stance, lean forward and grip the kettlebell.#3: Brace your core slightly, and swing the kettlebell back between your legs, while inhaling.#4: Swing the kettlebell forward by extending your hip, while exhaling.#5: Try to swing the kettlebell to about chest height.#6: Repeat for reps and put the kettlebell back on the ground when you’re finished.;Glutes#Lower Back#Hamstrings#Adductors#Trapezius#Forearm Flexors
Lat Pulldown With Pronated Grip;1: Begin by adjusting the thigh pad to fit snugly against your thighs to prevent your body from lifting off the seat.#2: Grasp the bar with an overhand (pronated) grip, with your hands slightly wider than shoulder-width apart.#3: Sit with your thighs under the thigh pad, keep your chest up, and look at the bar.#4: Pull the bar down towards your chest, leading with your elbows.  Pull until the bar is below your chin or touches your upper chest.#5: Squeeze your shoulder blades together at the bottom of the movement.#6: Exhale and slowly release the bar back up to the starting position.;Lats#Biceps#Rear Deltoids#Forearm Flexors#Rotator Cuffs
Lat Pulldown With Supinated Grip;1: Grip the bar with a supinated grip (palms facing you), about shoulder-width apart.#2: Sit down with your thighs under the leg support, keep your chest up, and look up at the bar.#3: Inhale and pull the bar towards you.#4: Pull the bar down until it is below your chin or touches your upper chest.#5: Exhale and slowly return the bar until your arms are fully extended.;Lats#Biceps#Rear Deltoids#Forearm Flexors#Rotator Cuffs
One-Handed Cable Row;1: Grab the handle and assume the starting position.#2: Inhale and pull the handle towards the side of your abdomen, while leaning back slightly.#3: Exhale and slowly return to the starting position by extending your arm and leaning forward.;Lats#Trapezius#Rear Deltoids#Biceps#Forearm Flexors#Rotator Cuffs
One-Handed Lat Pulldown;1: Sit down with your thighs under the leg support, grasp the handle with one hand, keep your chest up, and look slightly up.#2: Inhale and pull the handle towards your side.#3: Exhale and slowly return the handle until your arm is extended again.;Lats#Biceps#Rear Deltoids#Forearm Flexors#Rotator Cuffs
Pause Deadlift;1: Step up close to the bar, so that it is about over the middle of your foot.#2: Inhale, lean forward, and grip the bar.#3: Hold your breath, brace your core slightly, and lift the bar.#4: Pause the movement when the bar is just a few inches above the floor.#5: After a pause of a second or two, complete the lift by pulling the bar close to your body, until fully extended.#6: Lower the bar back to the ground with control.#7: Take another breath, and repeat for reps.;Glutes#Lower Back#Quads#Hamstrings#Adductors#Trapezius#Forearm Flexors
Pendlay Row;1: Lean forward by hinging in your hip, and grip a bar with an overhand grip.#2: Pull the bar towards you, without otherwise moving your upper body. Pull the bar as high as you can, so that it touches your abs or chest if possible.#3: With control, lower the bar back to the floor.;Lats#Trapezius#Rear Deltoids#Biceps#Lower Back#Forearm Flexors#Rotator Cuff
Power Clean;1: Step up close to the bar, so that it is about over the middle of your foot.#2: Lean forward and grip the bar with an overhand grip, about shoulder-width apart.#3: Hold your breath, and brace your core slightly.#4: Lift the bar in a smooth but fast motion. Bend your knees slightly and receive the bar on the front of your shoulders.#5: Stand up on straight legs again.#6: Lower the bar in front of you, with control.;Glutes#Lower Back#Quads#Adductors#Hamstrings#Trapezius#Forearm Flexors
Power Snatch;1: Step up close to the bar, so that it is about over the middle of your foot.#2: Lean forward and grip the bar with a wide overhand grip, close to the weight plates.#3: Hold your breath, brace your core slightly, and lower your hip closer to the floor.#4: Lift the bar in a smooth but fast motion, by extending your legs and knees simultaneously.#5: Once the bar has reached maximum speed, bend your knees slightly and catch the bar on straight arms over your head.#6: When you’ve got control of the bar, stand up straight.#7: Lower the bar in front of you, with control.;Glutes#Lower Back#Quads#Adductors#Hamstrings#Trapezius#Forearm Flexors
Pull-Up;1: Grip the bar with palms facing away from you, slightly wider than shoulder-width.#2: Keep your chest up, and look up at the bar.#3: Inhale and pull yourself up until your chin is over the bar or the bar touches your upper chest.#4: Exhale and lower yourself with control until your arms are fully extended.;Lats#Biceps#Rear Deltoids#Forearm Flexors#Rotator Cuffs
Rack Pull;1: Set the bar at desired height, using a rack or blocks.#2: Step up close to the bar, so that it is over the middle of your foot.#3: Inhale, lean forward and bend your knees slightly, and grip the bar.#4: Hold your breath, brace your core, and lift the bar.#5: Pull the bar close to your body with a straight back, until you are standing straight.#6: Lower the bar back to the rack or blocks with control.;Glutes#Lower Back#Hamstrings#Adductors#Trapezius#Forearm Flexors
Seal Row;1: Lie on your stomach on a bench, with a barbell placed on the floor below you.#2: Grip the bar with an overhand grip, slightly wider than shoulder-width.#3: Inhale and pull the bar towards you.#4: Pull the bar as high as you can, so that it touches the underside of the bench if possible.#5: With control, lower the bar back to the starting position.;Lats#Trapezius#Rear Deltoids#Biceps#Forearm Flexors#Rotator Cuff
Seated Machine Row;1: Adjust the machine to the correct settings and sit down in the starting position.#2: Inhale and pull the handles towards you, as far as possible.#3: Exhale and slowly return the handles to the starting position again.;Lats#Trapezius#Rear Deltoids#Biceps#Forearm Flexors#Rotator Cuff
Snatch;1: Step up close to the bar, so that it is about over the middle of your foot.#2: Lean forward and grip the bar with a wide overhand grip, close to the weight plates.#3: Hold your breath, brace your core slightly, and lower your hip closer to the floor.#4: Lift the bar in a smooth but fast motion, by extending your legs and knees simultaneously.#5: Once the bar has reached maximum speed, squat down deep and catch the bar on straight arms over your head.#6: When you’ve got control of the bar, stand up straight.#7: Lower the bar in front of you, with control.;Glutes#Lower Back#Adductors#Quads#Hamstrings#Trapezius#Forearm Flexors#Calves
Snatch Grip Deadlift;1: Step up close to the bar, so that it is about over the middle of your foot.#2: Inhale, lean forward and take a wide grip, like in a snatch.#3: Hold your breath, brace your core slightly, and lift the bar.#4: Pull the bar close to your body, with a straight back, until you are standing straight.#5: Lower the bar back to the ground with control.#6: Take another breath, and repeat for reps.;Glutes#Lower Back#Quads#Hamstrings#Adductors#Trapezius#Forearm Flexors
Stiff-Legged Deadlift;1: Step up close to the bar, so that it is about over the middle of your foot. Keep your feet shoulder-width apart.#2: Inhale, lean forward with only a slight bend in your knees, and grip the bar.#3: Hold your breath, brace your core slightly, and lift the bar.#4: Pull the bar close to your body, with a straight back, until you have reached a standing position.#5: Lower the bar back to the ground with control, still keeping your legs straight.#6: Take another breath, and repeat for reps.;Glutes#Lower Back#Hamstrings#Adductors#Trapezius#Forearm Flexors
Straight Arm Lat Pulldown;1: Grip the bar with a pronated grip (palms facing away from you), slightly wider than shoulder-width.#2: With straight arms, push the bar down in front of you by contracting your lats.#3: Slowly return the bar to the starting position.;Lats#Rear Deltoids#Rotator Cuffs
Sumo Deadlift;1: Step up close to the bar with wide foot placement. A good starting point is to have the bar over the middle of your foot and stand so wide that your shins are vertical, as seen from the front.#2: Inhale, bend down and grip the bar.#3: Hold your breath, brace your core slightly, and lift the bar.#4: Pull the bar close to your body, with a straight back, until you are standing straight.#5: Lower the bar back to the ground with control.#6: Take another breath, and repeat for reps.;Glutes#Lower Back#Quads#Hamstrings#Adductors#Trapezius#Forearm Flexors
T-Bar Row;1: Stand on the plate, lean forward, and grasp the bar with an overhand grip in straight arms.#2: Inhale and pull the bar towards you as high as possible.#3: With control, lower the bar back to the starting position.;Lats#Trapezius#Rear Deltoids#Biceps#Lower Back#Forearm Flexors#Rotator Cuff
Trap Bar Deadlift With High Handles;1: Step into the bar’s opening, and position yourself so that the handles are in line with the middle of your feet.#2: Inhale, bend down and grip the handles.#3: Hold your breath, brace your core slightly, and lift the bar.#4: Lift the bar with a straight back, until you are standing straight.#5: Lower the bar back to the ground with control.#6: Take another breath, and repeat for reps.;Glutes#Lower Back#Quads#Adductors#Trapezius#Forearm Flexors
Trap Bar Deadlift With Low Handles;1: Step into the bar’s opening and position yourself so that the handles are in line with the middle of your feet.#2: Inhale, bend down and grip the handles.#3: Hold your breath, brace your core slightly, and lift the bar.#4: Lift the bar with a straight back, until you are standing straight.#5: Lower the bar back to the ground with control.#6: Take another breath, and repeat for reps.;Glutes#Lower Back#Quads#Adductors#Trapezius#Forearm Flexors
Banded Side Kicks;1: Place an elastic band around your ankles. Hold on to something with your hands for balance.#2: Stand on one leg, while bringing your other leg as far out to the side as possible.#3: Bring the leg back in while resisting the band.;Abductors#Glutes
Cable Pull Through;1: Fasten a rope handle in the lower position on a cable pulley. Turn your back against the pulley, with the cable between your thights, and take a few steps forward.#2: Bend forward by hinging in your hips, and let the rope handle move backwards between your thighs.#3: Extend your hip again, and return to standing.;Glutes#Lower Back#Hamstrings#Adductors
Clamshells;1: Lie on your side, with your legs bent at about a 90-degree angle. #2: Tuck your pelvis in to properly activate your glutes. #3: Lightly brace your core and lift the upper leg by using your glutes. Lift as high as you can while maintaining contact with the glute muscles.#4: Lower the leg in a slow and controlled motion, and repeat for reps. ;Abductors#Glutes
Dumbbell Romanian Deadlift;1: Stand upright holding a pair of dumbbells.#2: Inhale, brace your core slightly, and lean forward by hinging in your hips. Keep your knees almost completely extended.#3: Lean forward as far as possible without rounding your back. You don’t have to touch the dumbbells to the floor, although it is OK if you do.#4: Reverse the movement and return to the starting position. Exhale on the way up.#5: Take another breath, and repeat for reps.;Glutes#Lower Back#Hamstrings#Adductors#Trapezius#Forearm Flexors
Dumbbell Frog Pumps;1: Lie on your back and bring the soles of your feet together into a frog position, try to bring your feet as close to your butt as possible. Place a dumbbell on your hips.#2: Make sure to keep your core activated, and the lower back and shoulders pressed down on the floor before starting the movement.#3: Press your feet down into the floor and squeeze your glutes to thrust your hips upwards.#4: Pause at the top and then reverse the movement. Make sure to do the entire movement slow and controlled.;Glutes#Hamstrings#Adductors
Fire Hydrants;1: Stand on all fours, with your gaze on the floor. #2: Lightly brace your core and lift your leg to the side by using your glute muscles. Lift your leg as high as possible while maintaining contact with your glutes. #3: Slowly lower your leg and repeat for reps. ;Glutes
Frog Pumps;1: Lie on your back and bring the soles of your feet together into a frog position, try to bring your feet as close to your butt as possible.#2: Make sure to keep your core activated, and the lower back and shoulders pressed down on the floor before starting the movement.#3: Press your feet down into the floor and squeeze your glutes to thrust your hips upwards.#4: Pause at the top and then reverse the movement. Make sure to do the entire movement slow and controlled.;Glutes#Hamstrings#Adductors
Glute Bridge;1: Lie down with your feet on the floor. #2: Tuck the pelvis in to properly activate the glutes. #3: Push your hips towards the ceiling by using your glutes, until your body forms a straight line from head to knees. #4: Squeeze your glutes at the top.#5: Reverse the movement, and repeat for reps. ;Glutes#Quads
Hip Abduction Against Band;1: Sit down on a bench with an elastic band around your knees, and your feet about hip width apart.#2: Move your legs apart as far as possible, against the band.#3: Return with control to the starting position.;Abductors#Glutes
Hip Abduction Machine;1: Adjust the machine to the appropriate settings, sit down, and grip the handles.#2: Push the pads out by moving your legs apart as far as possible.#3: Return with control to the starting position.;Abductors#Glutes
Hip Thrust;1: Sit on the floor with your back against a sturdy bench.#2: Roll the barbell up over your thighs, until it is placed over your hips.#3: Place your feet on the floor, about shoulder-width apart, with bent knees.#4: Place your hands on the bar to stabilize it.#5: Push the bar towards the ceiling by extending your hips. Your knees should form a ~90 degree angle at the top.#6: Lower the weight and repeat for reps.;Glutes#Adductors#Quads
Hip Thrust Machine;1: Adjust the machine and get in position.#2: Push the pad towards the ceiling by extending your hips.#3: Lower the weight and repeat for reps.;Glutes#Adductors#Quads
Hip Thrust With Band Around Knees;1: Sit on the floor with your back against a sturdy bench.#2: Place an elastic band around your knees, just below them. #3: Roll the barbell up over your thighs, until it is placed over your hips.#4: Place your feet on the floor, about shoulder width apart, with bent knees.#5: Place your hands on the bar to stabilize it.#6: Push the bar towards the ceiling by extending your hips. Your knees should form a ~90 degree angle at the top.#7: Lower the weight and repeat for reps.;Glutes#Adductors#Abductors#Quads
Lateral Walk With Band;1: Place an elastic band around your ankles.#2: Walk sideways, so that you have to bring your leg out against the band’s resistance.#3: Choose for yourself if you want to change direction after every step, or if you for example want to walk ten steps in one direction followed by ten steps in the other direction.;Abductors#Glutes
Machine Glute Kickbacks;1: Adjust the machine to your body. The knees should be facing forward and resting near the bottom of the padding. Place your forearms on the upper padding and grip the handles.#2: Next, make sure that you have the arm of the machine under your knee. Brace your core, keep your body still, and start to press your leg backwards and upwards by activating the glute.#3: Push the leg as far up as you can without rotating in the hips, then return to the starting position.#4: Do all reps on one side first, and then switch to the other leg.;Glutes#Hamstrings#Adductors
One-Legged Glute Bridge;1: Lie down with one foot on the floor, one leg extended.  #2: Tuck the pelvis in to properly activate the glutes.#3: Push your hips towards the ceiling by using the glute muscle in the bent leg, until your body forms a straight line from head to foot.#4: Squeeze your glutes at the top.#5: Reverse the movement, and repeat for reps.;Glutes#Adductors#Abductors#Quads
One-Legged Hip Thrust ;1: Lean your back against a chair, sofa, bench or whatever furniture you have at hand.#2: Place one feet on the floor and lift the other leg. #3: Push your hips towards the ceiling, using your glute muscle in the leg that touches the floor. The working leg should form a ~90-degree angle at the top position.#4: Lower the hips and repeat for reps.;Glutes#Adductors#Abductors#Quads
Romanian Deadlift;1: Get into the starting position by deadlifting a barbell off the floor, or by unracking it from a barbell rack.#2: Inhale, brace your core slightly, and lean forward by hinging in your hips. Keep your knees almost completely extended.#3: Lean forward as far as possible without rounding your back. You don’t have to touch the barbell to the floor, although it is OK if you do.#4: Reverse the movement and return to the starting position. Exhale on the way up.#5: Take another breath, and repeat for reps.;Glutes#Lower Back#Hamstrings#Adductors#Trapezius#Forearm Flexors
Single Leg Romanian Deadlift;1: Stand upright and hold the bar with your hands about shoulder-width apart.#2: Brace your core, and lift one leg off the ground.#3: Keep the back straight and start to lean forward by hinging at the hips. Lower until you feel a stretch in the standing leg’s hamstring. Make sure to keep your hips still, you don’t want the side with your lifted leg to start rotating upwards.#4: Return to the starting position. Finish all your reps on one side first, and then repeat on the other leg.;Glutes#Lower Back#Hamstrings#Adductors#Trapezius#Forearm Flexors
Standing Glute Kickback in Machine;1: Adjust the machine to your body. The knees should be facing forward and resting near the bottom of the padding. Place your forearms on the upper padding and grip the handles.#2: Next, make sure that you have the arm of the machine under your knee. Brace your core, keep your body still, and start to press your leg backwards and upwards by activating the glute.#3: Push the leg as far up as you can without rotating in the hips, then return to the starting position.#4: Do all reps on one side first, and then switch to the other leg.;Glutes#Hamstrings#Adductors
Step Up;1: Stand in front of a chair, bench or something else that you can step up on.#2: Place your foot on the chair. #3: Lightly brace your core, and step up until your leg is straight.#4: Lower yourself in a controlled motion. #5: You can keep your foot at the chair, and repeat for reps. ;
Cable Crunch;1: Fasten a rope handle in the upper position on a cable pulley. Sit down on your knees a few feet away, facing the pulley.#2: Bend your upper body forward by contracting your abs. Hold the ropes on either side of your head throughout the movement.#3: Reverse the motion and return to the starting position with control.;Abs#Obliques
Crunch;1: Lie on your back, with your hands in front of your chest and your knees bent to about 90 degrees.#2: Lift your upper body by contracting your abs and bending forward.#3: Bend as far forward as possible while still keeping your low back in contact with the floor, and then return to the starting position.;Abs#Obliques
Dead Bug;1: Lie on your back, with your arms straight up towards the ceiling and your legs stacked over your hips, with the knees bent in a 90-degree angle.#2: Engage your core, and make sure that the lower back has contact with the surface.#3: With control, straighten out the right leg and lower it towards the floor at the same time as you lower the left arm over your head as far as you can. Keep the lower back in contact with the floor the entire time.#4: Reverse the movement, and repeat for the other side.;Abs#Obliques
Hanging Leg Raise;1: Jump up and grab a bar, placed high enough that you can hang from it with straight legs.#2: Without swinging, lift your legs as high as you can in front of you.#3: Lower your legs again, with control.;Abs#Obliques
Hanging Knee Raise;1: Jump up and grab a bar, placed high enough that you can hang from it with straight legs.#2: Without swinging and with bent legs, lift your knees as high as you can in front of you.#3: Lower your legs again, with control.;Abs#Obliques
Hanging Sit-Up;1: Climb into position and lower your upper body down to the starting position, with your hands crossed over your chest.#2: Lift your upper body upwards by contracting your abs.#3: Reverse the motion and lower yourself down to the starting position again.;Abs#Obliques
High to Low Wood Chop with Band;1: Fasten an elastic band high up. Grip the band with both hands, step away, and stand sideways to the band’s anchor point.#2: With almost straight arms, make a sweeping, chopping-like movement diagonally downward.#3: Return to the starting position in a controlled manner.;Obliques#Abs
Horizontal Wood Chop with Band;1: Fasten an elastic band at shoulder height. Grip the band with both hands, step away, and stand sideways to the band’s anchor point.#2: With almost straight arms, make a sweeping, horizontal movement to your other side.#3: Return to the starting position in a controlled manner.;Obliques
Kneeling Ab Wheel Roll-Out;1: Sit on your knees, or stand up on your feet for increased resistance.#2: Roll out as far as you can, and maintain a straight back throughout the movement.#3: Reverse the movement with control, and return to the starting position. ;Abs#Obliques
Kneeling Plank;1: Stand on your elbows and knees.#2: Brace your abs, and try to form and hold a straight line from your head to hips.;Abs#Obliques
Kneeling Side Plank;1: Stand on your side, leaning against one elbow and your knee.#2: Brace your core and try to form and hold a straight line from your head to knees.;Obliques#Abs
Lying Leg Raise;1: Lie down with your back on the floor, and your arms at your sides.#2: With straight legs, lift your legs until they are pointing straight up.#3: Lower your legs again, with control.;Abs#Obliques
Lying Windshield Wiper;1: Lie on your back, with your arms out to your sides and your legs straight up in the air.#2: Slowly lower your legs down to one side.#3: Reverse the motion, and lower your legs down to your other side.;Obliques#Abs
Lying Windshield Wiper with Bent Knees;1: Lie on your back, with your arms out to your sides and your legs straight up in the air.#2: Bend your knees to 90 degrees.#3: Slowly lower your legs down to one side.#4: Reverse the motion, and lower your legs down to your other side.;Obliques#Abs
Machine Crunch;1: Adjust the machine to the appropriate settings, sit down, and grip the handles.#2: Bend forward by contracting your abs.#3: Reverse the motion and return to the starting position with control.;Abs#Obliques
Mountain Climbers;1: Get into the plank position with your hands about shoulder-width apart, back flat, and core engaged.#2: Pull your right knee into the chest as far as you can.#3: Switch legs, pulling one knee out and bringing the other knee in.#4: Keep your hips down and run the knees in and out as far and as fast as you can. #5: Repeat for desired reps.;Abs#Obliques
Oblique Crunch;1: Lie on your back, with your hands on the side of your head and your knees bent to about 90 degrees.#2: Contract your abs and lift your upper body diagonally, so that the elbow and shoulder on one side of your body move towards the knee on your other side.#3: Bend as far as possible and then return to the starting position.;Obliques#Abs
Oblique Sit-Up;1: Lie on your back, with your hands behind your head, and your legs bent to about 90 degrees. Use a weight or something to stick your feet under, so they don’t lift from the ground.#2: Lift your upper body diagonally by contracting your obliques and bending forward, until your right elbow touches your left leg, or vice versa.#3: Return to the starting position.;Obliques#Abs
Plank;1: Stand on your elbows and feet.#2: Brace your abs and try to form and hold a straight line from your head to feet.;Abs#Obliques
Side Plank;1: Stand on your side, leaning against one elbow.#2: Place the foot of the top leg in front of the other foot.#3: Brace your core, and try to form and hold a straight line from your head to feet.;Obliques#Abs
Sit-Up;1: Lie on your back, with your hands in front of your chest and your knees bent to about 90 degrees. Use a weight or something to stick your feet under, so they don’t lift from the ground.#2: Lift your upper body by contracting your abs and bending forward.#3: Bend as far forward as possible, and then return to the starting position.;Abs#Obliques
Eccentric Heel Drop;1: Stand on a stable elevation, like a stair step or a thick weight plate. Hold on to something for balance.#2: Raise your heels and extend your feet by using both your legs.#3: Lift one leg, and lower yourself with control standing on only one foot.;Calves
Heel Raise;1: Stand on a solid surface, or an elevation for increased range of motion. Hold on to something for balance.#2: Raise your heels by using your calves.#3: Lower yourself with control, and repeat for reps. ;Calves
Seated Calf Raise;1: Sit down on the seat, and adjust the knee pad to correct height. Place your toes and the ball of your feet on the foot support.#2: Lower the weight by bending your ankles in a controlled movement.#3: Push the weight up by extending your ankles.;Calves
Standing Calf Raise;1: Place your toes and the ball of your feet on the foot support. Place the shoulder pads against your shoulders and stand upright in the starting position.#2: Lower yourself down by bending your ankles in a controlled movement.#3: Push yourself up by extending your ankles.;Calves
Barbell Wrist Curl;1: Grab a barbell with an underhand grip and rest your forearms against your thighs, or alternatively against a bench.#2: Lower your hands towards the floor, and let the barbell roll out in your fingers.#3: Reverse the motion by closing your grip and bending your wrists upwards.;Forearm Flexors
Barbell Wrist Curl Behind the Back;1: Grab a barbell behind your back and let it hang in your arms.#2: Open your hands and let the barbell roll out in your fingers.#3: Reverse the motion by closing your grip and bending your wrists upwards.;Forearm Flexors
Bar Hang;1: Grab a bar and hang from it.#2: Experiment with hanging with relaxed or active shoulders.;Forearm Flexors
Dumbbell Wrist Curl;1: Grab a dumbbell with an underhand grip and rest your forearm against your thigh, or alternatively against a bench.#2: Lower your hand towards the floor, and let the dumbbell roll out in your fingers.#3: Reverse the motion by closing your grip and bending your wrist upwards.;Forearm Flexors
Farmers Walk;1: Step in between two farmers walk-cases, or similar implements.#2: Inhale, lean forward and grip the handles.#3: Hold your breath, brace your core slightly, and lift the weights.#4: Look ahead, and start moving forward in small steps. Increase the stride length as you increase the speed.#5: Try to keep your body in a straight line and not lean excessively forward as you walk.#6: When you are done, lower the implements back to the ground in a controlled manner.;Forearm Flexors#Obliques#Glutes#Trapezius#Quads#Abs#Lower Back#Calves#Lateral Deltoids
Fat Bar Deadlift;1: Step up close to the bar, so that it is about over the middle of your foot.#2: Breathe in, lean forward and grip the bar.#3: Hold your breath, brace your core slightly, and lift the bar.#4: Pull the bar close to your body, with a straight back, until you are standing straight.#5: Lower the bar back to the ground with control.#6: Take another breath, and repeat for reps.;Glutes#Forearm Flexors#Lower Back#Quads#Hamstrings#Adductors#Trapezius
Gripper;1: Grab a gripper, and hold it so that it is as open as possible without slipping out of your hand.#2: Close the gripper all the way by closing your hand.#3: Return to the starting position and repeat.;Forearm Flexors
One-Handed Bar Hang;1: Grab a bar with one hand, and hang from it.#2: Start off by hanging with a tensed and active shoulder, and then gradually experiment with hanging with a more relaxed shoulder.;Forearm Flexors
Plate Pinch;1: Grab a pair of weight plates in a pinching grip.#2: Lift the weight plates off the ground.#3: Hold them for as long as you can, and then put them down in a controlled manner.;Forearm Flexors
Plate Wrist Curl;1: Grab a weight plate with a pinching underhand grip and rest your forearm against your thigh, or alternatively against a bench.#2: Lower your hand towards the floor.#3: Reverse the motion by bending your wrist upwards.;Forearm Flexors
Towel Pull-Up;1: Lay a pair of towels over a pull-up bar. Grab one in each hand.#2: Inhale and pull yourself up as high as you can.#3: Exhale and lower yourself with control until your arms are fully extended.;Forearm Flexors#Lats#Biceps#Rear Deltoids#Rotator Cuffs
Barbell Wrist Extension;1: Grab a barbell with an overhand grip and rest your forearms against your thighs, or alternatively against a bench.#2: Lower your hands towards the floor.#3: Reverse the motion by bending your wrists upwards.;
Dumbbell Wrist Extension;1: Grab a dumbbell with an overhand grip and rest your forearm against your thigh, or alternatively against a bench.#2: Lower your hand towards the floor.#3: Reverse the motion by bending your wrist upwards.;
Bench Press;1: Lie on the bench, pull your shoulder blades together and down, and slightly arch your back.#2: Grip the bar slightly wider than shoulder-width apart.#3: Inhale, hold your breath, and unrack the bar.#4: Lower the bar with control, until it touches your chest somewhere close to your sternum.#5: Push the bar up to the starting position while exhaling.#6: Take another breath while in the top position, and repeat for reps.;Chest#Front Deltoid#Triceps
Incline Dumbbell Press;1: Adjust the incline of a bench to be around 30-45 degrees.#2: Sit down and lift a pair of dumbbells to the starting position.#3: Press the dumbbells up to straight arms while exhaling.#4: Inhale at the top or while lowering the dumbbells with control back to your shoulders.;Chest#Front Deltoid#Triceps
Bar Dips;1: Grip a dip station about shoulder-width apart, and climb or jump to get into the starting position.#2: Lower yourself with control until your shoulder is below your elbow, or as deep as you comfortably can.#3: Reverse the motion and return to the starting position.;Chest#Front Deltoid#Triceps
Standing Cable Chest Fly;1: Fasten a pair of handles in the top position of a cable cross. Grip the handles, step forward, and lean slightly forward.#2: With just a slight bend in the arms, push the handles forward until they meet in front of your body.#3: With control, let the handles go back to the starting position.;Chest#Front Deltoid
Overhead Press;1: First, place a barbell in a rack at about chest height.#2: Grip the bar slightly wider than shoulder-width apart, and step close to it.#3: Inhale, lightly brace your core, and unrack the bar.#4: Let the bar rest against your front delts while you step back from the rack.#5: Press the bar up to straight arms while exhaling.#6: Inhale at the top or while lowering the bar with control back to your shoulders.#7: Repeat for reps.;Front Deltoid#Triceps#Lateral Deltoid
Seated Dumbbell Shoulder Press;1: Sit down on a bench with a raised backrest.#2: Grab a pair of dumbbells and lift them up to the starting position at your shoulders.#3: Inhale and lightly brace your core.#4: Press the dumbbells up to straight arms, while exhaling.#5: Inhale at the top, or while lowering the dumbbells with control back to your shoulders.#6: Repeat for reps.;Front Deltoid#Triceps#Lateral Deltoid
Dumbbell Lateral Raise;1: Hold a pair of dumbbells in almost straight arms hanging by your sides.#2: With control, lift the dumbbells out to your sides until your upper arms are horizontal.#3: Lower the dumbbells with control.#4: Repeat for reps.;
Reverse Dumbbell Fly;1: Hold a pair of dumbbells, lean forward and let your arms hang towards the floor.#2: With almost straight arms (just a slight bend at the elbow), slowly lift the dumbbells by raising your arms out to the sides.#3: Reverse the movement and lower the dumbbells back to the starting position.;Rear Deltoid#Rotator Cuff#Trapezius
Deadlift;1: Step up close to the bar so that it is about over the middle of your foot.#2: Inhale, lean forward, and grip the bar.#3: Hold your breath, brace your core slightly, and lift the bar.#4: Pull the bar close to your body, with a straight back, until you are standing straight.#5: Lower the bar back to the ground with control.#6: Take another breath, and repeat for reps.;Glutes#Lower Back#Quads#Hamstrings#Adductors#Trapezius#Forearm Flexors
Lat Pulldown;1: Begin by adjusting the thigh pad to fit snugly against your thighs to prevent your body from lifting off the seat.#2: Grasp the bar with an overhand (pronated) grip, with your hands slightly wider than shoulder-width apart.#3: Sit with your thighs under the thigh pad, keep your chest up, and look at the bar.#4: Pull the bar down towards your chest, leading with your elbows.  Pull until the bar is below your chin or touches your upper chest.#5: Squeeze your shoulder blades together at the bottom of the movement.#6: Exhale and slowly release the bar back up to the starting position.;Lats#Biceps#Rear Deltoids#Forearm Flexors#Rotator Cuffs
Pull-Up;1: Grip the bar with palms facing away from you, slightly wider than shoulder-width.#2: Keep your chest up, and look up at the bar.#3: Inhale and pull yourself up until your chin is over the bar or the bar touches your upper chest.#4: Exhale and lower yourself with control until your arms are fully extended.;Lats#Biceps#Rear Deltoids#Forearm Flexors#Rotator Cuffs
Barbell Row;1: Grip the bar with an overhand grip.#2: Lean forward with the bar hanging from straight arms.#3: Inhale and pull the bar towards you.#4: Pull the bar as high as you can so that it touches your abs or chest, if possible.#5: With control, lower the bar back to the starting position.;Lats#Trapezius#Rear Deltoids#Biceps#Lower Back#Forearm Flexors#Rotator Cuff
Dumbbell Row;1: Start by placing a dumbbell on the floor beside a bench or chair. Stand facing the bench or chair and place your left hand and left knee on top of it.#2: Keep your back flat and parallel to the ground, with a slight bend in the standing leg. Grip the dumbbell with your right hand.#3: Inhale and pull the dumbbell by driving the elbow toward the ceiling.#4: With control, lower the dumbbell back to the starting position while exhaling.#5: Complete desired reps on one side, then switch to the opposite arm and leg.;Lats#Trapezius#Rear Deltoids#Biceps#Forearm Flexors#Rotator Cuff
Barbell Curl;1: Grip a bar with an underhand (supinated) grip, hands about shoulder-width apart.#2: Lift the bar with control, by flexing your elbows.#3: Don’t let your upper arm travel back during the curl, keep it at your side or move it slightly forward.#4: Reverse the movement and lower the bar back to the starting position.;Biceps#Forearm Flexors
Dumbbell Curl;1: Hold a pair of dumbbells in an underhand (supinated) grip, arms hanging by your sides.#2: Lift the dumbbells with control, by flexing your elbows.#3: Don’t let your upper arms travel back during the curl. Keep them at your sides or move them slightly forward.#4: Reverse the movement and lower the dumbbells back to the starting position.;Biceps#Forearm Flexors
Hammer Curl;1: Hold a pair of dumbbells in a neutral grip (palms facing each other), arms hanging by your sides.#2: Lift the dumbbells with control, by flexing your elbows.#3: Don’t let your upper arms travel back during the curl. Keep them at your sides or move them slightly forward.#4: Reverse the movement and lower the dumbbells back to the starting position.;Biceps#Forearm Flexors
Barbell Lying Triceps Extension;1: Lie down on a bench with your head close to the edge. Hold a barbell with a shoulder-wide grip, and lift it up to straight arms over yourself.#2: Lower the barbell down behind your head. Try to keep the same distance between your elbows throughout the movement.#3: Reverse the motion and extend your arms again.;Triceps
Overhead Cable Triceps Extension;1: Fasten a rope handle in the lower position of a cable pulley. Stand with your back against the pulley, with a slight forward lean, and hold the rope behind your head and your upper arms next to your ears.#2: Straighten your elbows until your arms are fully extended.#3: Reverse the motion by bending your arms again.;Triceps
Tricep Pushdown;1: Stand one step away from the cable pulley, and grip a bar about shoulder-width apart.#2: Pull the handle down until your upper arms are perpendicular to the floor. This is the starting position.#3: Push the handle down until your arms are fully extended.#4: With control, let the handle up again.;Triceps
Close-Grip Bench Press;1: Lie on the bench, pull your shoulder blades together and down, and slightly arch your back.#2: Grip the bar narrower than in a regular bench press so that your hands are directly above your shoulders or even closer.#3: Take a breath and hold it, and unrack the bar.#4: Lower the bar with control until it touches your chest somewhere where the ribs end.#5: Push the bar up to the starting position while exhaling.#6: Take another breath in the top position, and repeat for reps.;Triceps#Chest#Front Deltoid
Squat;1: Place the bar on your upper back. Inhale and brace your core slightly, and unrack the bar.#2: Take two steps back, and adjust your foot position.#3: Squat as deep as possible with good technique.#4: With control, stop and reverse the movement, extending your hips and legs again.#5: Exhale on the way up or exchange air in the top position.#6: Inhale and repeat for reps.;#Quads##Adductors##Glutes##Lower Back##Calves
Hack Squats;1: Adjust the machine to the correct height and place your shoulders against the shoulder pads.#2: Put your feet on the plate, slightly in front of the base of the sled and about shoulder width apart.#3: Extend your legs and disengage the sled’s locks.#4: Inhale, brace your core lightly, and squat down as deep as you can with good form.#5: Reverse the movement with control, and extend your legs again until you’re back in the starting position. Exhale on the way up.;Quads#Glutes#Adductors
Leg Extension;1: Adjust the machine so that you are correctly positioned. Your knees should be in line with the machine’s joint.#2: Extend your knees with control, until they are completely straight.#3: Slowly lower the weight again.;Quads
Bulgarian Split Squat;1: Stand with your back turned against a bench, which should be at about knee height. Stand about one long step in front of the bench.#2: Place one foot on the bench behind you.#3: Inhale, look forward, and squat down with control until right before the knee of the back leg touches the floor.#4: Reverse the movement and extend your front leg again, while exhaling.#5: Inhale at the top and repeat for reps.;Quads#Glutes#Adductors
Seated Leg Curl;1: Adjust the machine so that you are correctly positioned. Your knees should be in line with the machines joint.#2: Push the weight down by bending your knees as far as possible.#3: Slowly let the weight back again.;Hamstrings
Lying Leg Curl;1: Adjust the machine so that you are correctly positioned. Your knees should be in line with the machines joint.#2: Lift the weight by bending your knees as far as possible.#3: Slowly lower the weight again.;Hamstrings
Romanian Deadlift;1: Get into the starting position by deadlifting a barbell off the floor, or by unracking it from a barbell rack.#2: Inhale, brace your core slightly, and lean forward by hinging in your hips. Keep your knees almost completely extended.#3: Lean forward as far as possible without rounding your back. You don’t have to touch the barbell to the floor, although it is OK if you do.#4: Reverse the movement and return to the starting position. Exhale on the way up.#5: Take another breath, and repeat for reps.;Glutes#Lower Back#Hamstrings#Adductors#Trapezius#Forearm Flexors
Squat;1: Place the bar on your upper back. Inhale and brace your core slightly, and unrack the bar.#2: Take two steps back, and adjust your foot position.#3: Squat as deep as possible with good technique.#4: With control, stop and reverse the movement, extending your hips and legs again.#5: Exhale on the way up or exchange air in the top position.#6: Inhale and repeat for reps.;#Quads##Adductors##Glutes##Lower Back##Calves
Hip Thrust;1: Sit on the floor with your back against a sturdy bench.#2: Roll the barbell up over your thighs, until it is placed over your hips.#3: Place your feet on the floor, about shoulder-width apart, with bent knees.#4: Place your hands on the bar to stabilize it.#5: Push the bar towards the ceiling by extending your hips. Your knees should form a ~90 degree angle at the top.#6: Lower the weight and repeat for reps.;Glutes#Adductors#Quads
Romanian Deadlift;1: Get into the starting position by deadlifting a barbell off the floor, or by unracking it from a barbell rack.#2: Inhale, brace your core slightly, and lean forward by hinging in your hips. Keep your knees almost completely extended.#3: Lean forward as far as possible without rounding your back. You don’t have to touch the barbell to the floor, although it is OK if you do.#4: Reverse the movement and return to the starting position. Exhale on the way up.#5: Take another breath, and repeat for reps.;Glutes#Lower Back#Hamstrings#Adductors#Trapezius#Forearm Flexors
Bulgarian Split Squat;1: Stand with your back turned against a bench, which should be at about knee height. Stand about one long step in front of the bench.#2: Place one foot on the bench behind you.#3: Inhale, look forward, and squat down with control until right before the knee of the back leg touches the floor.#4: Reverse the movement and extend your front leg again, while exhaling.#5: Inhale at the top and repeat for reps.;Quads#Glutes#Adductors
Cable Crunch;1: Fasten a rope handle in the upper position on a cable pulley. Sit down on your knees a few feet away, facing the pulley.#2: Bend your upper body forward by contracting your abs. Hold the ropes on either side of your head throughout the movement.#3: Reverse the motion and return to the starting position with control.;Abs#Obliques
Hanging Leg Raise;1: Jump up and grab a bar, placed high enough that you can hang from it with straight legs.#2: Without swinging, lift your legs as high as you can in front of you.#3: Lower your legs again, with control.;Abs#Obliques
High to Low Wood Chop;1: Fasten an elastic band high up. Grip the band with both hands, step away, and stand sideways to the band’s anchor point.#2: With almost straight arms, make a sweeping, chopping-like movement diagonally downward.#3: Return to the starting position in a controlled manner.;Obliques#Abs
Crunch;1: Lie on your back, with your hands in front of your chest and your knees bent to about 90 degrees.#2: Lift your upper body by contracting your abs and bending forward.#3: Bend as far forward as possible while still keeping your low back in contact with the floor, and then return to the starting position.;Abs#Obliques
Standing Calf Raise;1: Place your toes and the ball of your feet on the foot support. Place the shoulder pads against your shoulders and stand upright in the starting position.#2: Lower yourself down by bending your ankles in a controlled movement.#3: Push yourself up by extending your ankles.;Calves
Seated Calf Raise;1: Sit down on the seat, and adjust the knee pad to correct height. Place your toes and the ball of your feet on the foot support.#2: Lower the weight by bending your ankles in a controlled movement.#3: Push the weight up by extending your ankles.;Calves
